 Engine Cylinders, Highway ,City,Difference
4,3.188228081,4.166666667,0.978438586
8,4.573170732,6.802721088,2.229550357
12,5.34351145,8.333333333,2.989821883
